[
    {
      "question": "Предприятие – это самостоятельный хозяйствующий субъект, созданный предпринимателем или объединением предпринимателей для:",
      "choices": [
        "производства продукции, выполнения работ и оказания услуг",
        "удовлетворения общественных потребностей",
        "получения прибыли",
        "производства продукции, выполнения работ и оказания услуг в целях         удовлетворения общественных потребностей и получения прибыли"
      ],
      "correctAnswer": "производства продукции, выполнения работ и оказания услуг в целях         удовлетворения общественных потребностей и получения прибыли"
    },
    {
      "question": "Для регистрации вновь создаваемого предприятия необходимо представление следующих документов:",
      "choices": [
        "заявление учредителя (или учредителей) и устава предприятия",
        "постановления собрания и договора учредителей о создании предприятия",
        "свидетельства об уплате государственной пошлины",
        "заявления учредителя (или учредителей), устава предприятия, постановление собрания и договора учредителей о создании предприятия и свидетельства об оплате государственной пошлины"
      ],
      "correctAnswer": "заявления учредителя (или учредителей), устава предприятия, постановление собрания и договора учредителей о создании предприятия и свидетельства об оплате государственной пошлины"
    },
    
]
        