[
    {
        "question": "Процесс установления и развития контактов между людьми, порождаемый потребностями совместной деятельности и включающий в себя обмен информацией.",
        "choices": [
            "деятельность",
            "самосознание",
            "общение"
        ],
        "correctAnswer": "общение"
    },
    {
        "question": "Функция общения, являющаяся формой существования и проявления творческой сущности человека.",
        "choices": [
            "Личностно-формирующая",
            "Креативная",
            "Инструментальная"
        ],
        "correctAnswer": "Креативная"
    },
    {
        "question": "Как называется сторона структуры общения, которая заключает в себе восприятие людьми друг друга.",
        "choices": [
            "коммуникативная",
            "интерактивная",
            "перцептивная"
        ],
        "correctAnswer": "перцептивная"
    },
    {
        "question": "Данная функция выражается в способности передачи информации от одного человека другому.",
        "choices": [
            "Трансляционная",
            "Экспрессивная",
            "Коммуникативная"
        ],
        "correctAnswer": "Трансляционная"
    },
    {
        "question": "Функция характеризует общение как социальные механические управления.",
        "choices": [
            "самовыражения",
            "инструментальная",
            "трансляционная"
        ],
        "correctAnswer": "инструментальная"
    },
    {
        "question": "Функция общения, выступающая как средство объединения людей.",
        "choices": [
            "трансляционная",
            "коммуникативная",
            "интегративная"
        ],
        "correctAnswer": "интегративная"
    },
    {
        "question": "Функция, позволяющая продемонстрировать личностный, индивидуальный, психологический потенциал.",
        "choices": [
            "социально-контролирующая",
            "креативная",
            "самовыражения"
        ],
        "correctAnswer": "самовыражения"
    },
    {
        "question": "Относительно устойчивый упрощенный образ другого человека.",
        "choices": [
            "аналог",
            "стереотип",
            "авторитет"
        ],
        "correctAnswer": "стереотип"
    },
    {
        "question": "Механизм социальной перцепции, проявляющийся в принятии индивидом социальной роли при вхождении в группу, осознание им групповой сплочённости.",
        "choices": [
            "идентификация",
            "эмпатия",
            "сопереживание"
        ],
        "correctAnswer": "идентификация"
    },
    {
        "question": "Индивидуальные психологические особенности обязующихся (скрытность, застенчивость, неприязнь, недоверие)",
        "choices": [
            "психологические причины",
            "социальные причины",
            "стилистические причины"
        ],
        "correctAnswer": "психологические причины"
    },
    {
        "question": "Сопротивляемость внушению.",
        "choices": [
            "суггестия",
            "уступка",
            "контрсуггестия"
        ],
        "correctAnswer": "контрсуггестия"
    },
    {
        "question": "Метод воздействия на сознание людей, обращенный к их собственному критическому восприятию.",
        "choices": [
            "суггестия",
            "убеждение",
            "контрсуггестия"
        ],
        "correctAnswer": "убеждение"
    },
    {
        "question": "Содержание общения:",
        "choices": [
            "Информация известная только одному человеку",
            "Информация со скрытым смыслом",
            "Информация, переходящая от одного человека к другому"
        ],
        "correctAnswer": "Информация, переходящая от одного человека к другому"
    },
    {
        "question": "Формальное общение, когда отсутствует стремление понять и учитывать особенности личности собеседника, используются привычные маски, позволяющие скрыть истинные эмоции",
        "choices": [
            "духовное общение",
            "«Контакт масок»",
            "деловое"
        ],
        "correctAnswer": "«Контакт масок»"
    },
    {
        "question": "Общение, при котором люди говорят не то, что думают, а то, что положено говорить в подобных случаях, потому что точки зрения людей на тот или иной вопрос не имеют никакого значения",
        "choices": [
            "«Контакт масок»",
            "примитивное",
            "светское"
        ],
        "correctAnswer": "светское"
    },
    {
        "question": "Общение, когда оценивают другого как нужный или мешающий объект",
        "choices": [
            "светское общение",
            "примитивное общение",
            "деловое общение"
        ],
        "correctAnswer": "примитивное общение"
    },
    {
        "question": "Общение направлено на извлечении выгоды от собеседника, используя разные приемы (лесть, запугивание, обман и т. д.)",
        "choices": [
            "манипулятивное",
            "примитивное",
            "светское"
        ],
        "correctAnswer": "манипулятивное"
    },
    {
        "question": "Общение, когда регламентированы и содержание и средства общения и вместо знания личности собеседника обходятся знанием его социальной роли.",
        "choices": [
            "формально- ролевое",
            "примитивное",
            "светское"
        ],
        "correctAnswer": "формально- ролевое"
    },
    {
        "question": "В деловом общении предметом общения является",
        "choices": [
            "дело",
            "задача",
            "предлог"
        ],
        "correctAnswer": "дело"
    },
    {
        "question": "Перцепция-это восприятие",
        "choices": [
            "одним человеком другого",
            "общества",
            "групп, общностей"
        ],
        "correctAnswer": "одним человеком другого"
    },
    {
        "question": "Процесс восприятия одним человеком другого выступает как обязательная составная часть общения и составляет то, что называют",
        "choices": [
            "перцепция",
            "общение",
            "коммуникация"
        ],
        "correctAnswer": "перцепция"
    },
    {
        "question": "Механизм постижения эмоционального состояния другого человека. Формируется в процессе родительско-детских отношений.",
        "choices": [
            "эмпатия",
            "рефлексия",
            "интерактивная"
        ],
        "correctAnswer": "эмпатия"
    },
    {
        "question": "Механизм социальной перцепции , интерпретация одним человеком причин и мотивов поведения другого.",
        "choices": [
            "сопереживание",
            "обращение назад",
            "каузальная атрибуция"
        ],
        "correctAnswer": "каузальная атрибуция"
    },
    {
        "question": "Понятие, отражающее возникновение при восприятии человека человеком, привлекательности одного из них для другого.",
        "choices": [
            "цель",
            "рефлексия",
            "межличностная аттракция"
        ],
        "correctAnswer": "межличностная аттракция"
    },
    {
        "question": "Целостный образ другого человека, формируемый на основе оценки его внешнего вида и поведения",
        "choices": [
            "восприятие",
            "общение",
            "перцепция"
        ],
        "correctAnswer": "перцепция"
    },
    {
        "question": "Способность эмоционально воспринимать другого человека, проникнуть в его внутренний мир",
        "choices": [
            "эмпатия",
            "восприятие",
            "фактор превосходства"
        ],
        "correctAnswer": "эмпатия"
    },
    {
        "question": "Ситуация, когда, человек ставит себя на место другого и определяет, как бы он действовал в подобной ситуации",
        "choices": [
            "фактор превосходства",
            "эмпатия",
            "идентификация"
        ],
        "correctAnswer": "идентификация"
    },
    {
        "question": "Процесс взаимодействия людей социальных групп общностей, в котором происходит обмен информацией, опытом, способностями это:",
        "choices": [
            "манипуляция",
            "общение",
            "восприятие"
        ],
        "correctAnswer": "общение"
    },
    {
        "question": "Коммуникационный процесс включает… этапов",
        "choices": [
            "2",
            "5",
            "4"
        ],
        "correctAnswer": "4"
    },
    {
        "question": "Сторона общения, включающая в себя процесс восприятия друг друга партнером по общению и установлению на этой основе взаимопонимания",
        "choices": [
            "коммуникативная",
            "интерактивная",
            "перцептивная"
        ],
        "correctAnswer": "перцептивная"
    },
    {
        "question": "Слушание представляет собой процесс расшифровки смысла сообщений",
        "choices": [
            "нерефлексивное",
            "рефлексивное",
            "импатическое"
        ],
        "correctAnswer": "рефлексивное"
    },
    {
        "question": "Устойчивое представление о каких-либо явлениях или людях, свойственное представителям той или иной социальной группы",
        "choices": [
            "социальный стереотип",
            "межгрупповое общение",
            "межличностное общения"
        ],
        "correctAnswer": "социальный стереотип"
    },
    {
        "question": "Ситуация, когда, человек ставит себя на место другого и определяет, как бы он действовал в подобной ситуации",
        "choices": [
            "фактор превосходства",
            "эмпатия",
            "идентификация"
        ],
        "correctAnswer": "идентификация"
    },
    {
        "question": "Функция восприятия и понимания другого человека",
        "choices": [
            "интерактивность",
            "коммуникативность",
            "перцепция"
        ],
        "correctAnswer": "перцепция"
    },
    {
        "question": "Осознание действующим индивидом того, как он воспринимается партнером по общению",
        "choices": [
            "цель",
            "средства",
            "рефлексия"
        ],
        "correctAnswer": "рефлексия"
    },
    {
        "question": "При данном типе взаимодействия партнеры по общению заинтересованы в достижении собственного успеха.",
        "choices": [
            "кооперация",
            "конфронтация",
            "конкуренция"
        ],
        "correctAnswer": "конкуренция"
    },
    {
        "question": "Стратегия поведения, предполагающая координацию единичных им участников, способствующая достижению участниками взаимодействия своих целей, является необходимым элементом совместной деятельности.",
        "choices": [
            "избегание",
            "соперничество",
            "кооперация"
        ],
        "correctAnswer": "кооперация"
    },
    {
        "question": "Ступень продуктивной конкуренции , когда со стороны одного участника взаимодействия возникает намерение нанести другим ущерб, т.е. соперники превращаются во врагов.",
        "choices": [
            "избегание",
            "конфронтация",
            "соперничество"
        ],
        "correctAnswer": "конфронтация"
    },
    {
        "question": "Ступень продуктивной конкуренции, когда партнер не имеет угрозы и проигравший не гибнет.",
        "choices": [
            "кооперация",
            "конфронтация",
            "соревнование"
        ],
        "correctAnswer": "соревнование"
    },
    {
        "question": "Ступень продуктивной конкуренции, когда победитель оказывается безусловно выигравшим, другой партнер оказывается в абсолютном проигрыше, что означает нарушение партнерств, возникновение элементов конфликта.",
        "choices": [
            "соперничество",
            "соревнование",
            "конфронтация"
        ],
        "correctAnswer": "конфронтация"
    },
    {
        "question": "Предполагает взаимные уступки в чем-то важном и принципиальном для каждой из сторон.",
        "choices": [
            "приспособление",
            "избегание",
            "компромисс "
        ],
        "correctAnswer": "компромисс "
    },
    {
        "question": "Ориентируется на понижение своих стремлений и принятие позиции оппонента.",
        "choices": [
            "бездействие",
            "приспособление",
            "сотрудничество"
        ],
        "correctAnswer": "приспособление"
    },
    {
        "question": "Участник находится в ситуации конфликта, но без всяких активных действий по его разрешению.",
        "choices": [
            "избегание",
            "приспособление",
            "сотрудничество"
        ],
        "correctAnswer": "избегание"
    },
    {
        "question": "Наиболее эффективная стратегия, позволяющая осуществлять поиск решения, которое удовлетворяло бы обе стороны.",
        "choices": [
            "конкуренция",
            "уступки",
            "сотрудничество"
        ],
        "correctAnswer": "сотрудничество"
    },
    {
        "question": "Заключается в навязывании другой стороне предпочтительного для себя решения.",
        "choices": [
            "бездействие",
            "избегание",
            "соперничество"
        ],
        "correctAnswer": "соперничество"
    },
    {
        "question": "Способ психологического воздействия, основанный на некритическом восприятии и принятии человеком информации, которая не нуждается в доказательствах и содержит готовые выводы.",
        "choices": [
            "внушение",
            "убеждение",
            "разъяснение"
        ],
        "correctAnswer": "внушение"
    },
    {
        "question": "Свойство психики, проявляющееся в ее податливости психологическому воздействию.",
        "choices": [
            "избегание",
            "внушаемость",
            "бездействие"
        ],
        "correctAnswer": "внушаемость"
    },
    {
        "question": "Сопротивляемость внушению.",
        "choices": [
            "суггестия",
            "уступка",
            "контрсуггестия"
        ],
        "correctAnswer": "контрсуггестия"
    },
    {
        "question": "Метод воздействия на сознание людей, обращенный к их собственному критическому восприятию.",
        "choices": [
            "суггестия",
            "убеждение",
            "контрсуггестия"
        ],
        "correctAnswer": "убеждение"
    },
    {
        "question": "Люди активные, целеустремленные, эмоционально страстные, «несдержанно-горячие», отважные, бескомпромиссные",
        "choices": [
            "меланхолики",
            "флегматики",
            "холерики"
        ],
        "correctAnswer": "холерики"
    },
    {
        "question": "Люди легко переключаемы, быстры, оптимистичны, общительны, компромиссны и гибки",
        "choices": [
            "меланхолики",
            "флегматики",
            "сангвиники"
        ],
        "correctAnswer": "сангвиники"
    },
    {
        "question": "Люди, которые склонны к обостренным переживаниям, размышлениям, повышенной чувствительности и утомляемости, погружены в свой мир переживаний.",
        "choices": [
            "меланхолики",
            "холерики",
            "сангвиники"
        ],
        "correctAnswer": "меланхолики"
    },
    {
        "question": "Люди этого типа темперамента медлительны, замкнуты, терпеливы, миролюбивы, стабильны.",
        "choices": [
            "холерики",
            "флегматики",
            "сангвиники"
        ],
        "correctAnswer": "флегматики"
    },
    {
        "question": "Хрупкие изящные люди с плоской грудной клеткой, узкими плечами, удлиненными и худыми конечностями, которые обладают слабой нервной системой, часто приходящей в состояние растерянности или полного стопора",
        "choices": [
            "астеники",
            "холерики",
            "сангвиники"
        ],
        "correctAnswer": "астеники"
    },
    {
        "question": "Реакции человека на воздействия внешних и внутренних раздражителей, имеющих ярко выраженную субъективную окраску и охватывающие все виды чувствительности и переживаний",
        "choices": [
            "эмоции",
            "темперамент",
            "акцентуация характера"
        ],
        "correctAnswer": "эмоции"
    },
    {
        "question": "Люди, у которых некоторые черты характера столь заострены, чрезмерно развиты в ущерб другим качествам, что происходит своеобразный перекос",
        "choices": [
            "характер",
            "темперамент",
            "акцентуация характера"
        ],
        "correctAnswer": "акцентуация характера"
    },
    {
        "question": "Темперамент можно уточнить при помощи теста",
        "choices": [
            "Шмишека",
            "Айзенка",
            "Павлова"
        ],
        "correctAnswer": "Айзенка"
    },
    {
        "question": "Для определения акцентуации характера используют тест",
        "choices": [
            "Шмишека",
            "Айзенка",
            "Павлова"
        ],
        "correctAnswer": "Шмишека"
    },
    {
        "question": "Ацентуации характера встречаются",
        "choices": [
            "1- 5 % случаев",
            "20 – 50 % случаев",
            "99 % случаев"
        ],
        "correctAnswer": "20 – 50 % случаев"
    },
    {
        "question": "Если человек заряжается энергией, от людей и действий и чувствует себя опустошенным оставшись слишком долго в одиночестве",
        "choices": [
            "экстраверт",
            "интроверт",
            "интуитивный"
        ],
        "correctAnswer": "экстраверт"
    },
    {
        "question": "Если человек заряжается энергией из своего внутреннего мира",
        "choices": [
            "экстраверт",
            "интроверт",
            "интуитивный"
        ],
        "correctAnswer": "интроверт"
    },
    {
        "question": "Общение с помощью взглядов, жестов, мимики",
        "choices": [
            "невербальное",
            "прямое",
            "неопосредованное"
        ],
        "correctAnswer": "невербальное"
    },
    {
        "question": "Общение при котором общение передается с помощью слов",
        "choices": [
            "прямое",
            "опосредованное",
            "вербальное"
        ],
        "correctAnswer": "вербальное"
    },
    {
        "question": "Речь в которой нет чуждых литературному языку элементов.",
        "choices": [
            "чистота речи",
            "богатство речи",
            "уместность"
        ],
        "correctAnswer": "чистота речи"
    },
    {
        "question": "Слушание без анализа, дающее собеседнику высказаться",
        "choices": [
            "отражение чувств",
            "перефразирование",
            "нерефлексивное слушание"
        ],
        "correctAnswer": "нерефлексивное слушание"
    },
    {
        "question": "Интимная зона общения составляет",
        "choices": [
            "45 -120 см",
            "120- 400 см",
            "15 – 45 см"
        ],
        "correctAnswer": "15 – 45 см"
    },
    {
        "question": "Личная или персональная зона в процессе общения составляет",
        "choices": [
            "14 – 45 см",
            "45 -120 см",
            "свыше 400 см"
        ],
        "correctAnswer": "45 -120 см"
    },
    {
        "question": "Социальная зона в процессе общения составляет",
        "choices": [
            "120 – 400 см",
            "45 -120 см",
            "свыше 400 см"
        ],
        "correctAnswer": "120 – 400 см"
    },
    {
        "question": "Публичная зона в процессе общения составляет",
        "choices": [
            "120 – 400 см",
            "45 -120 см",
            "свыше 400 см"
        ],
        "correctAnswer": "свыше 400 см"
    },
    {
        "question": "Внешнее проявление человеческих чувств и эмоций в невербальном средстве общения",
        "choices": [
            "кинестика",
            "такесика",
            "проксимика"
        ],
        "correctAnswer": "кинестика"
    },
    {
        "question": "Более 70% информации, которое заключается в движении мышц лица несет",
        "choices": [
            "дикция",
            "мимика",
            "жестикуляция"
        ],
        "correctAnswer": "мимика"
    },
    {
        "question": "Положение человеческого тела типично для данной культуры",
        "choices": [
            "движение",
            "бег",
            "поза"
        ],
        "correctAnswer": "поза"
    },
    {
        "question": "Стиль передвижения, по которому довольно легко можно распознать эмоциональное состояние человека",
        "choices": [
            "походка",
            "жесты",
            "молчание"
        ],
        "correctAnswer": "походка"
    },
    {
        "question": "Эти собеседники часто и бестактно прерывают ход деловой беседы, не обращая внимания на потраченное время",
        "choices": [
            "позитивный человек",
            "болтун",
            "вздорный человек"
        ],
        "correctAnswer": "вздорный человек"
    },
    {
        "question": "Человек, у которого с детства проявляется доброта, заботливость к близким, способность отдать другим последнее, даже то, что необходимо самому",
        "choices": [
            "исследователь",
            "альтруист",
            "трусливый человек."
        ],
        "correctAnswer": "альтруист"
    },
    {
        "question": "Наука, которая изучает внешние проявления человеческих чувств и эмоций",
        "choices": [
            "кинестика",
            "такесика",
            "проксемика"
        ],
        "correctAnswer": "кинестика"
    },
    {
        "question": "Наука, которая изучает прикосновения в процессе общения",
        "choices": [
            "кинестика",
            "такесика",
            "проксемика"
        ],
        "correctAnswer": "такесика"
    },
    {
        "question": "Наука, которая изучает расположения людей в пространстве при общения",
        "choices": [
            "кинестика",
            "такесика",
            "проксемика"
        ],
        "correctAnswer": "проксемика"
    },
    {
        "question": "Наиболее привлекательной в общении является … манера речи",
        "choices": [
            "Плавная, спокойная, размеренная",
            "Быстрая, резкая, размеренная",
            "Высокая, прерывистая, раскатистая"
        ],
        "correctAnswer": "Плавная, спокойная, размеренная"
    },
    {
        "question": "Наиболее эффективной формой общения является",
        "choices": [
            "Диалог",
            "Монолог",
            "Внутренняя речь"
        ],
        "correctAnswer": "Диалог"
    },
    {
        "question": "Позы, которые воспринимаются как позы недоверия, несогласия, продиводействия, критики",
        "choices": [
            "Закрытые",
            "Открытые",
            "Нейтральные"
        ],
        "correctAnswer": "Закрытые"
    },
    {
        "question": "Формирование первого впечатления происходит впервые:",
        "choices": [
            "30-40 минут",
            "20-10 минут",
            "2-3 минуты"
        ],
        "correctAnswer": "2-3 минуты"
    },
    {
        "question": "Субъект с помощью соответствующих средств контролирует объект, определяет его поведение.",
        "choices": [
            "подчинение",
            "лидерство",
            "власть"
        ],
        "correctAnswer": "власть"
    },
    {
        "question": "Средства, использование которых обеспечивает влияние субъекта на власти на подчиненного",
        "choices": [
            "ресурсы власти",
            "объект власти",
            "субъект власти"
        ],
        "correctAnswer": "ресурсы власти"
    },
    {
        "question": "Высокоценные качества, которыми подчиненные наделяют руководителя и которые детерминируют их поведение (они подчиняются без угрозы наказания и без убеждения)",
        "choices": [
            "власть",
            "лидерство",
            "авторитет"
        ],
        "correctAnswer": "авторитет"
    },
    {
        "question": "Стиль управления, для которого характерно жесткое, единоличное принятие руководителем всех решений. Постоянный жесткий контроль за выполнением решений с угрозой наказания",
        "choices": [
            "авторитарный",
            "демократический",
            "нейтральный"
        ],
        "correctAnswer": "авторитарный"
    },
    {
        "question": "Стиль управления, когда решения принимаются на основе обсуждения проблемы, учета мнений и инициатив сотрудников, выполнение принятых решений контролируется и руководителем, и самим сотрудником",
        "choices": [
            "авторитарный",
            "демократический",
            "нейтральный"
        ],
        "correctAnswer": "демократический"
    },
    {
        "question": "Способность оказывать влияние, как на отдельную личность, так и на группу, направляя усилия всех на достижение целей организации",
        "choices": [
            "лидерство",
            "диктаторство",
            "доминирование"
        ],
        "correctAnswer": "лидерство"
    },
    {
        "question": "Это общение предполагает наличие несовпадающих или даже противоположных интересов участвующих сторон, и требуют от участников умения достигать разумного соглашения",
        "choices": [
            "деловая беседа",
            "деловые переговоры",
            "деловое совещание"
        ],
        "correctAnswer": "деловые переговоры"
    },
    {
        "question": "Учение о морали и нравственности",
        "choices": [
            "этика",
            "этикет",
            "мораль"
        ],
        "correctAnswer": "этика"
    },
    {
        "question": "Система этических ценностей, которые признаются человеком",
        "choices": [
            "этика",
            "этикет",
            "мораль"
        ],
        "correctAnswer": "этика"
    },
    {
        "question": "Совокупность нравственных норм, правил и представлений, регулирующих поведение и отношения людей в процессе их производственной деятельности",
        "choices": [
            "этика делового общения",
            "этика",
            "этикет"
        ],
        "correctAnswer": "этика делового общения"
    },
    {
        "question": "Установленный порядок где-либо",
        "choices": [
            "этикет",
            "этика",
            "мораль"
        ],
        "correctAnswer": "этикет"
    },
    {
        "question": "Этикет – явление",
        "choices": [
            "биологическое",
            "историческое",
            "математическое"
        ],
        "correctAnswer": "историческое"
    },
    {
        "question": "Результат длительного отбора правил и форм наиболее целесообразного поведения, которое способствовало успеху в деловых отношениях",
        "choices": [
            "деловой этикет",
            "этикет",
            "мораль"
        ],
        "correctAnswer": "деловой этикет"
    },
    {
        "question": "Сколько секунд длятся взаимные представления в структуре первичного телефонного разговора",
        "choices": [
            "20 – 30 сек",
            "40 – 50 сек",
            "90 – 100 сек"
        ],
        "correctAnswer": "20 – 30 сек"
    },
    {
        "question": "Непрерывный двусторонний обмен информацией независимо от расстояния",
        "choices": [
            "разговор",
            "письмо",
            "телефонный разговор"
        ],
        "correctAnswer": "телефонный разговор"
    },
    {
        "question": "Звонок деловому партнеру на домашний телефон может быть не позднее",
        "choices": [
            "20 часов",
            "24 часов",
            "22 часов"
        ],
        "correctAnswer": "22 часов"
    },
    {
        "question": "Недостатки речи по телефону",
        "choices": [
            "усугубляются",
            "остаются не замеченными",
            "не усугубляются"
        ],
        "correctAnswer": "усугубляются"
    },
    {
        "question": "Административное воздействие в виде надписи на управленческом документе, определяющее ход выполнения работ и организующее деятельность исполнителя",
        "choices": [
            "письмо",
            "записка",
            "резолюция"
        ],
        "correctAnswer": "резолюция"
    },
    {
        "question": "По общепринятому международному «стандарту» деловое письмо должно быть посвящено",
        "choices": [
            "одной теме",
            "двум темам",
            "нескольким темам"
        ],
        "correctAnswer": "одной теме"
    },
    {
        "question": "Деловое письмо должно быть оформлено на",
        "choices": [
            "1- 1.5 страницы",
            "3 страницы",
            "более 3 страниц"
        ],
        "correctAnswer": "1- 1.5 страницы"
    },
    {
        "question": "Деловое письмо нужно составлять",
        "choices": [
            "длинными предложениями",
            "короткими предложениями",
            "многосложными предложениями"
        ],
        "correctAnswer": "короткими предложениями"
    },
    {
        "question": "Если начальник позвонил своему подчиненному, то последний",
        "choices": [
            "кладет трубку первым",
            "ждет, когда положит трубку начальник",
            "не имеет значения."
        ],
        "correctAnswer": "ждет, когда положит трубку начальник"
    },
    {
        "question": "Оптимальное число участников в деловом совещании",
        "choices": [
            "5 – 7, максимум 10",
            "7 – 9, максимум 12",
            "3 – 5, максимум 6"
        ],
        "correctAnswer": "5 – 7, максимум 10"
    },
    {
        "question": "Сколько этапов выполняется при проведении делового совещания",
        "choices": [
            "1",
            "2",
            "3"
        ],
        "correctAnswer": "3"
    },
    {
        "question": "Столкновение противоположных позиций на основе противоположно направленных мотивов или суждений - это:",
        "choices": [
            "конфликт",
            "дружба",
            "решение проблемы"
        ],
        "correctAnswer": "конфликт"
    },
    {
        "question": "Столкновение двух противоположно направленных целей( потребностей, мотивов, интересов) у одного и того же человека",
        "choices": [
            "Внутриличностный конфликт",
            "Межличностный конфликт",
            "межгрупповой."
        ],
        "correctAnswer": "Внутриличностный конфликт"
    },
    {
        "question": "Столкновение противоположно направленных целей, интересов, мнений и взглядов оппонентов или субъектов взаимодействия.",
        "choices": [
            "Внутриличностный конфликт",
            "Межличностный конфликт",
            "межгрупповой."
        ],
        "correctAnswer": "Межличностный конфликт"
    },
    {
        "question": "Тип конфликта, в котором в качестве субъектов взаимодействия выступают не отдельные индивиды, а группы",
        "choices": [
            "Внутриличностный конфликт",
            "Межличностный конфликт",
            "межгрупповой."
        ],
        "correctAnswer": "межгрупповой."
    },
    {
        "question": "Конфликт возникает тогда, когда кто -либо из членов организации нарушает нормы поведения или общения, сложившихся в неформальных группах",
        "choices": [
            "Внутриличностный конфликт",
            "межличностный конфликт",
            "между личностью и группой"
        ],
        "correctAnswer": "между личностью и группой"
    },
    {
        "question": "Конфликты между рядовыми сотрудниками. Не находящимися в подчинении друг к другу",
        "choices": [
            "по горизонтали",
            "во вертикали",
            "смешанные"
        ],
        "correctAnswer": "по горизонтали"
    },
    {
        "question": "Конфликты между людьми, находящиеся в подчинении друг к другу",
        "choices": [
            "по горизонтали",
            "во вертикали",
            "смешанные"
        ],
        "correctAnswer": "во вертикали"
    },
    {
        "question": "Конфликты, в которых участвуют равноправные стороны, так и люди разных уровней иерархии.",
        "choices": [
            "по горизонтали",
            "во вертикали",
            "смешанные"
        ],
        "correctAnswer": "смешанные"
    },
    {
        "question": "Конфликт, приводящий к принятию обоснованных решений и способствующие развитию отношений между субъектами конфликта.",
        "choices": [
            "конструктивный",
            "деструктивный",
            "реалистический"
        ],
        "correctAnswer": "конструктивный"
    },
    {
        "question": "Как называется особый тип конфликта, основной целью которого является получение выгоды, прибыли или доступа к дефицитным благам:",
        "choices": [
            "конфронтация",
            "соперничество",
            "конкуренция"
        ],
        "correctAnswer": "конкуренция"
    },
    {
        "question": "«Родитель», «ребенок», «взрослый» – состояния, отражающие структуру личности в концепции ТА, автором которой является:",
        "choices": [
            "Эрик Берн",
            "Карл Юнг",
            "Карен Хорни"
        ],
        "correctAnswer": "Эрик Берн"
    },
    {
        "question": "Как называется приписывание другим людям собственных вытесненных мотивов, переживаний и черт характера?",
        "choices": [
            "проекция",
            "фантазия",
            "сублимация"
        ],
        "correctAnswer": "проекция"
    },
    {
        "question": "Стратегия сотрудничества:",
        "choices": [
            "приводит к разрешению конфликта",
            "ее применимость и выигрышность зависит от конкретной ситуации",
            "свидетельствует о высокой конфликтологической компетентности личности."
        ],
        "correctAnswer": "свидетельствует о высокой конфликтологической компетентности личности."
    },
    {
        "question": "Кто является автором цитаты «Не делай другим того, чего не желаешь себе, и тогда в государстве и в семье не будут чувствовать вражды».",
        "choices": [
            "Конфуций",
            "Гераклит",
            "Платон"
        ],
        "correctAnswer": "Конфуций"
    },
    {
        "question": "В переводе с латинского «конфликт» означает:",
        "choices": [
            "соглашение",
            "столкновение",
            "существование"
        ],
        "correctAnswer": "столкновение"
    },
    {
        "question": "На какой фазе конфликта самая высокая возможность разрешения конфликта:",
        "choices": [
            "начальной фазе",
            "фазе подъема",
            "пике конфликта",
            "фазе спада"
        ],
        "correctAnswer": "начальной фазе"
    },
    {
        "question": "Конфликты приводят к негативным, часто разрушительным действиям, которые иногда перерастают в склоку и другие негативные явления.",
        "choices": [
            "конструктивный",
            "деструктивный",
            "реалистический"
        ],
        "correctAnswer": "деструктивный"
    },
    {
        "question": "Убеждение бывает:",
        "choices": [
            "истинным и ложным",
            "вербальным и невербальным",
            "прямое и непрямое",
            "положительное и отрицательное"
        ],
        "correctAnswer": "истинным и ложным"
    },
    {
        "question": "Процесс логического обоснования какого-либо суждения или умозаключения- это",
        "choices": [
            "внушение",
            "убеждение",
            "перцептивная сторона общения",
            "общение"
        ],
        "correctAnswer": "убеждение"
    },
    {
        "question": "Способы разрешения внутриличностных конфликтов:",
        "choices": [
            "компромисс",
            "уход",
            "сублимация",
            "все ответы верны."
        ],
        "correctAnswer": "все ответы верны."
    },
    {
        "question": "Люди, которые воспринимают зрительно предъявляемую информацию. Конкретность, четкость, ясность, наглядность.",
        "choices": [
            "Визуалы",
            "Аудиалы",
            "Кинестетики"
        ],
        "correctAnswer": "Визуалы"
    },
    {
        "question": "Люди все воспринимают через слуховые образы, музыку, речь. Они наиболее восприимчивы к тону, тембру, мелодике речи, голосовым акцентам, паузам",
        "choices": [
            "Визуалы",
            "Аудиалы",
            "Кинестетики"
        ],
        "correctAnswer": "Аудиалы"
    },
    {
        "question": "Люди реагируют через состояния своего тела и через эмоции. Они особенно чувствительны к подстройкам, к невербальным символам.",
        "choices": [
            "Визуалы",
            "Аудиалы",
            "Кинестетики"
        ],
        "correctAnswer": "Кинестетики"
    },
    {
        "question": "Личность, которая всегда пунктуальна, придирчива, хоть и исполнительна, зануда, отталкивает людей от себя.",
        "choices": [
            "Педант",
            "Жалобщик",
            "Тайный мститель"
        ],
        "correctAnswer": "Педант"
    },
    {
        "question": "Человек, охваченный какой-то идеей и обвиняющий других (кого-то конкретно или весь мир в целом) во всех грехах, но сам ничего не делающий для решения проблемы.",
        "choices": [
            "Педант",
            "Жалобщик",
            "Тайный мститель"
        ],
        "correctAnswer": "Жалобщик"
    },
    {
        "question": "Человек, причиняющий неприятности с помощью каких-то махинаций, считая, что кто-то поступил неправильно, а он восстанавливает справедливость.",
        "choices": [
            "Педант",
            "Жалобщик",
            "Тайный мститель"
        ],
        "correctAnswer": "Тайный мститель"
    },
    {
        "question": "Метод, позволяющий снять напряжение при конфликте переключившись на другой вид деятельности – связан с двигательной активностью, требующей физического напряжения, благодаря которой сжигается адреналин.",
        "choices": [
            "«Переключения»",
            "«Визуализации»",
            "«Заземление»"
        ],
        "correctAnswer": "«Переключения»"
    },
    {
        "question": "Мысленное выражение своих чувств и переживаний человеку, который вызвал негативную реакцию.",
        "choices": [
            "«Переключения»",
            "«Визуализации»",
            "«Заземление»"
        ],
        "correctAnswer": "«Визуализации»"
    },
    {
        "question": "Метод, когда вы представляете: гнев входит в вас от оппонента как пучок отрицательной энергии. Затем представьте себе, как эта энергия опускается в ноги и свободно уходит в землю",
        "choices": [
            "«Переключения»",
            "«Визуализации»",
            "«Заземление»"
        ],
        "correctAnswer": "«Заземление»"
    },
    {
        "question": "Тип восприятия, когда человек должен обязательно услышать какую-то информацию, логически обработать, прежде чем ею пользоваться ",
        "choices": [
            "визуальный тип",
            "аудиальный тип",
            "кинестический"
        ],
        "correctAnswer": "аудиальный тип"
    },
    {
        "question": "Стиль выхода из конфликтной ситуации, при котором характеризуется принятием точки зрения другой стороны, но лишь до определенной степени.",
        "choices": [
            "Компромисс",
            "Сотрудничество",
            "Уход"
        ],
        "correctAnswer": "Компромисс"
    },
    {
        "question": "Стиль выхода из конфликтной ситуации основывается на убежденности участников конфликта в том, что расхождения во взглядах – это неизбежный результат того, что у умных людей есть свои представления о том, что правильно, а что нет.",
        "choices": [
            "Компромисс",
            "Сотрудничество",
            "Уход"
        ],
        "correctAnswer": "Сотрудничество"
    },
    {
        "question": "Человек, придерживающийся этой стратегии, стремится Уйти от конфликта.",
        "choices": [
            "Компромисс",
            "Сотрудничество",
            "Уход"
        ],
        "correctAnswer": "Уход"
    },
    {
        "question": "Человек, придерживающийся этой стратегии, пытается заставить принять свою точку зрения во что бы то ни стало.",
        "choices": [
            "Настойчивость",
            "Сотрудничество",
            "Уход"
        ],
        "correctAnswer": "Настойчивость"
    },
    {
        "question": "Человек, придерживающийся этой стратегии, предполагает отказ от собственных интересов, готовность принести их в жертву другому, пойти ему на навстречу.",
        "choices": [
            "Приспособление( уступчивость)",
            "Сотрудничество",
            "Уход "
        ],
        "correctAnswer": "Приспособление( уступчивость)"
    },
    {
        "question": "Модель поведения в конфликте, которая характеризуется постоянной готовностью к развязыванию конфликта , не склонен к компромиссам и настроен к полному подавление противника.",
        "choices": [
            "Деструктивный",
            "Конформный",
            "Конструктивный"
        ],
        "correctAnswer": "Деструктивный"
    },
    {
        "question": "Модель поведения в конфликте, которая характеризуется погасить конфликт, найти решение, приемлемое для обеих сторон, ищет варианты удовлетворения обоюдных интересов.",
        "choices": [
            "Деструктивный",
            "Конформный",
            "Конструктивный"
        ],
        "correctAnswer": "Конструктивный"
    },
    {
        "question": "В вечернем туалете делового мужчины рубашка должна быть только",
        "choices": [
            "черного цвета",
            "белого цвета",
            "красного цвета"
        ],
        "correctAnswer": "белого цвета"
    },
    {
        "question": "В одежде должно присутствовать не более",
        "choices": [
            "3 цветов",
            "4 цветов",
            "5 цветов"
        ],
        "correctAnswer": "3 цветов"
    },
    {
        "question": "Не регламентируется строгий стиль одежды при условиях",
        "choices": [
            "сферы деятельности",
            "занимаемой должности",
            "спортивной секции"
        ],
        "correctAnswer": "спортивной секции"
    },
    {
        "question": "При выборе делового костюма. Деловой человек не должен стремиться пользоваться правилом",
        "choices": [
            "единство стиля",
            "разумная минимизация цветовой гаммы",
            "ярко выраженные, дорогие аксессуары "
        ],
        "correctAnswer": "ярко выраженные, дорогие аксессуары "
    },
    {
        "question": "При встрече с незнакомым человеком прежде всего обращают внимание",
        "choices": [
            "внешний вид",
            "стиль походки",
            "умственные способности"
        ],
        "correctAnswer": "внешний вид"
    },
    {
        "question": "Эмблема фирмы на визитной карточке помещается",
        "choices": [
            "в верхнем левом углу",
            "в верхнем правом углу",
            "в центре"
        ],
        "correctAnswer": "в верхнем левом углу"
    },
    {
        "question": "Первое впечатление от первого знакомства с человеком составляют по ",
        "choices": [
            "уму человека",
            "внутренним качествам человека",
            "внешнему виду"
        ],
        "correctAnswer": "внешнему виду"
    },
    {
        "question": "Галстук в деловом костюме должен",
        "choices": [
            "висеть выше пряжки ремня",
            "чуть закрывать пряжку ремня",
            "висеть ниже пряжки ремня"
        ],
        "correctAnswer": "чуть закрывать пряжку ремня"
    },
    {
        "question": "Мужчине следует в своем деловом гардеробе избегать",
        "choices": [
            "малинового цвета пиджака",
            "серого цвета пиджака",
            "коричневого цвета пиджака"
        ],
        "correctAnswer": "малинового цвета пиджака"
    },
    {
        "question": "Слово «синтонический» обозначает",
        "choices": [
            "Быть в гармонии с собой и другими",
            "Быть в гармонии с природой",
            "Быть в гармонии с собой"
        ],
        "correctAnswer": "Быть в гармонии с собой и другими"
    },
    {
        "question": "Самая тяжелая походка при",
        "choices": [
            "страданиях",
            "радости",
            "гневе"
        ],
        "correctAnswer": "страданиях"
    },
    {
        "question": "Самая легкая походка при",
        "choices": [
            "страданиях",
            "радости",
            "гневе"
        ],
        "correctAnswer": "радости"
    },
    {
        "question": "Самая большая длина шага при",
        "choices": [
            "гордости",
            "радости",
            "страданиях"
        ],
        "correctAnswer": "гордости"
    },
    {
        "question": "Норма пространственного расположения общающихся, в пределах персональной зоны.",
        "choices": [
            "от 15 до 45 см",
            "от 45-120 см ",
            "от 120 до 360 см"
        ],
        "correctAnswer": "от 15 до 45 см"
    },
    {
        "question": "Норма пространственного расположения общающихся, в пределах социальной зоны",
        "choices": [
            "от 15 до 45 см",
            "от 45-120 см ",
            "от 120 до 360 см",
            "более 360 см"
        ],
        "correctAnswer": "от 120 до 360 см"
    },
    {
        "question": "Принцип выражающий любовь к Родине",
        "choices": [
            "гуманизм",
            "оптимизмм",
            "патриотизм"
        ],
        "correctAnswer": "патриотизм"
    },
    {
        "question": "Укажите основные критерии этики",
        "choices": [
            "добро и зло",
            "пространство",
            "время"
        ],
        "correctAnswer": "добро и зло"
    },
    {
        "question": "Выделите принцип, на котором не может быть основано деловое общение",
        "choices": [
            "доброжелательность",
            "порядочность",
            "эгоизм"
        ],
        "correctAnswer": "эгоизм"
    },
    {
        "question": "Среди недопустимых элементов в облике делового мужчины выделите один допустимый",
        "choices": [
            "короткие носки",
            "несвежий носовой платок",
            "кольцо"
        ],
        "correctAnswer": "кольцо"
    },
    {
        "question": "Образ, который человек себе создает, чтобы вызвать определенное впечатление у другого человека или группы людей",
        "choices": [
            "имидж",
            "образ",
            "взгляд"
        ],
        "correctAnswer": "имидж"
    }
]