[
    {
        "question": "Отметьте название немецкой операции по захвату Москвы:",
        "choices": [
            "Барбаросса",
            "Зимняя гроза",
            "Тайфун",
            "Цитадель"
        ],
        "correctAnswer": "Тайфун"
    },
    {
        "question": "Название гитлеровского плана нападения на СССР",
        "choices": [
            "«Барбаросса»",
            "«Тайфун»",
            "«Цитадель»",
            "«Ост»"
        ],
        "correctAnswer": "«Барбаросса»"
    },
    {
        "question": "Первое крупное поражение противнику Красная Армия нанесла в сентябре 1941 г.",
        "choices": [
            "под Смоленском",
            "под Брестом",
            "под Ельней",
            "под Севастополем"
        ],
        "correctAnswer": "под Ельней"
    },
    {
        "question": "План по осуществлению колонизации и германизации оккупированных территорий назывался",
        "choices": [
            "Ост",
            "Кольцо",
            "Цитадель",
            "Багратион"
        ],
        "correctAnswer": "Ост"
    },
    {
        "question": "Определите причину неудач Красной Армии в первые ме¬сяцы войны",
        "choices": [
            "многократное превосходство немецкой армии по чис¬ленности войск и боевой технике",
            "активная поддержка немецкого наступления населени¬ем западных районов СССР",
            "дезинформация советских разведчиков",
            "переоценка собственных сил и недооценка возможно¬стей противника"
        ],
        "correctAnswer": "переоценка собственных сил и недооценка возможно¬стей противника"
    },
    {
        "question": "Какая из названных мер способствовала укреплению во¬енной экономики?",
        "choices": [
            "введение обязательных сверхурочных работ",
            "увеличение инвестиций в сельское хозяйство",
            "увеличение численности заключенных ГУЛАГа",
            "массовые репрессии в промышленности"
        ],
        "correctAnswer": "введение обязательных сверхурочных работ"
    },
    {
        "question": "В сталинском приказе № 227 говорилось:",
        "choices": [
            "об обороне крупных городов",
            "об эвакуации заводов",
            "о запрете самовольного отступления",
            "о советском наступлении"
        ],
        "correctAnswer": "о запрете самовольного отступления"
    },
    {
        "question": "Укажите хронологические рамки Великой Отечественной войны",
        "choices": [
            "22 июня 1941 г. -9 мая 1945 г.",
            "20 мая 1940 г. - 8 апреля 1944 г.",
            "22 июля 1942 г. - 10 мая 1945 г.",
            "23 июня 1940 г. - 20 июня 1945 г."
        ],
        "correctAnswer": "22 июня 1941 г. -9 мая 1945 г."
    },
    {
        "question": "Основные удары вермахта в 1941 г. планировались по направлениям:",
        "choices": [
            "на Москву",
            "на Киев",
            "на Ленинград",
            "верно все указанное"
        ],
        "correctAnswer": "верно все указанное"
    },
    {
        "question": "5-6 декабря 1941 г. началось контрнаступление Красной армии под:",
        "choices": [
            "Киевом",
            "Ленинградом",
            "Москвой",
            "Сталинградом"
        ],
        "correctAnswer": "Москвой"
    },
    {
        "question": "Последствием Московской битвы было:",
        "choices": [
            "открыт второй фронт в Европе",
            "сорван немецкий план «молниеносной войны»",
            "произошел коренной перелом в войне",
            "Германия начала терять своих союзников в войне"
        ],
        "correctAnswer": "сорван немецкий план «молниеносной войны»"
    },
    {
        "question": "Вторая мировая война началась:",
        "choices": [
            "22 июня 1941 г.",
            "8 мая 1941 г.",
            "1 сентября 1939 г.",
            "1 марта 1937 г."
        ],
        "correctAnswer": "1 сентября 1939 г."
    },
    {
        "question": "Военная операция советских войск  летом 1944 – в начале 1945 годов, в результате которой была освобождена Белоруссия:",
        "choices": [
            "«Уран»",
            "«Багратион»",
            "«Цитадель»",
            "«Тайфун»"
        ],
        "correctAnswer": "«Багратион»"
    },
    {
        "question": "Самое крупное танковое сражение во Второй мировой и Великой Отечественной войне произошло:",
        "choices": [
            "под Берлином в 1945 г.",
            "под Курском в 1943 г.",
            "в Северной Африке в 1942 г.",
            "в Арденнах в 1945 г."
        ],
        "correctAnswer": "под Курском в 1943 г."
    },
    {
        "question": "План «Барбаросса» НЕ предусматривал:",
        "choices": [
            "превращение СССР в военного союзника Германии",
            "«молниеносную войну»",
            "присоединение европейской части СССР к Германии",
            "выхода на линию «Архангельск – Волга» за 6 – 8 недель"
        ],
        "correctAnswer": "превращение СССР в военного союзника Германии"
    },
    {
        "question": "На Тегеранской международной конференции 1943 года было принято решение",
        "choices": [
            "О сроках открытия Второго фронта",
            "О признании границ СССР по «линии Керзона»",
            "О сотрудничество в области разработки ядерного оружия",
            "О присоединение к СССР территории Восточной Пруссии"
        ],
        "correctAnswer": "О сроках открытия Второго фронта"
    },
    {
        "question": "Первый салют в Москве был дан в честь освобождения:",
        "choices": [
            "Сталинграда",
            "Москвы",
            "Кавказа",
            "Орла и Белгорода"
        ],
        "correctAnswer": "Орла и Белгорода"
    },
    {
        "question": "Ленд - лизом в годы Второй мировой войны называли:",
        "choices": [
            "систему оплаты военных поставок",
            "обязательство Великобритании и США открыть второй фронт",
            "совместную англо-американскую декларацию",
            "систему передачи США взаймы или в аренду вооружения, боеприпасов, продовольствия союзникам по антигитлеровской коалиции"
        ],
        "correctAnswer": "систему передачи США взаймы или в аренду вооружения, боеприпасов, продовольствия союзникам по антигитлеровской коалиции"
    },
    {
        "question": "Наступление советских войск под Сталинградом началось",
        "choices": [
            "11 февраля 1943г.",
            "19 ноября 1942г.",
            "29 декабря 1942г.",
            "22 апреля 1943г."
        ],
        "correctAnswer": "19 ноября 1942г."
    },
    {
        "question": "Контрнаступление советских войск под Москвой началось",
        "choices": [
            "7-8 ноября 1941г.",
            "1-2 января 1941 г.",
            "5-6 декабря 1941 г.",
            "25-26 октября 1941г."
        ],
        "correctAnswer": "5-6 декабря 1941 г."
    },
    {
        "question": "Вторая мировая война началась с нападения на:",
        "choices": [
            "СССР",
            "Данию",
            "Англию",
            "Польшу"
        ],
        "correctAnswer": "Польшу"
    },
    {
        "question": "Вторая мировая война закончилась:",
        "choices": [
            "6 июня 1944 г.",
            "25 апреля 1945 г.",
            "8 мая 1945 г.",
            "2 сентября 1945 г."
        ],
        "correctAnswer": "2 сентября 1945 г."
    },
    {
        "question": "Перл-Харбор - это:",
        "choices": [
            "место открытия второго фронта в Европе",
            "английская крепость, оказавшая упорное сопротивление немецким войскам",
            "место морского сражения, ставшего переломным в войне на Тихом океане",
            "американская военно-морская база на Гавайских островах, ставшая первым объектом японской агрессии на Тихом океан"
        ],
        "correctAnswer": "американская военно-морская база на Гавайских островах, ставшая первым объектом японской агрессии на Тихом океан"
    },
    {
        "question": "Коренной перелом во Второй мировой войне завершило сражение под:",
        "choices": [
            "Курском",
            "Дюнкерком",
            "Сталинградом",
            "Эль-Аламейном"
        ],
        "correctAnswer": "Курском"
    },
    {
        "question": "Начало коренному перелому во Второй мировой войне положила:",
        "choices": [
            "Московская битва",
            "Сталинградская битва",
            "операция в районе Эль-Аламейна",
            "военная операция в районе Дюнкерка"
        ],
        "correctAnswer": "Сталинградская битва"
    },
    {
        "question": "Причина возникновения «холодной войны»:",
        "choices": [
            "борьба за сферы влияния между СССР, США и Великобританией",
            "требования США о возвращении СССР долгов по ленд-лизу",
            "соперничество между СССР и США в военно-технической сфере",
            "стремление правящих кругов СССР и США утвердить свою систему ценностей, образ жизни и миропонимания в качестве универсальных"
        ],
        "correctAnswer": "стремление правящих кругов СССР и США утвердить свою систему ценностей, образ жизни и миропонимания в качестве универсальных"
    },
    {
        "question": "Когда была провозглашена «доктрина Трумэна»:",
        "choices": [
            "в 1945 г.",
            "в 1947 г.",
            "в 1949 г.",
            "в 1950 г."
        ],
        "correctAnswer": "в 1947 г."
    },
    {
        "question": "Цель «доктрины Трумэна» состояла в том, чтобы:",
        "choices": [
            "предотвратить переход под контроль СССР территорий, провозглашенных жизненно важными для обеспечения интересов безопасности США",
            "изолировать СССР на международной арене, исключить его из ООН",
            "запретить в США Коммунистическую партию",
            "подготовиться к ядерной войне с СССР"
        ],
        "correctAnswer": "предотвратить переход под контроль СССР территорий, провозглашенных жизненно важными для обеспечения интересов безопасности США"
    },
    {
        "question": "Успешное испытание первой советской атомной бомбы произошло в:",
        "choices": [
            "1947 г.",
            "1949 г.",
            "1951 г.",
            "1953 г."
        ],
        "correctAnswer": "1949 г."
    },
    {
        "question": "Какие государства в 1949 г. создали союз «Совет экономической взаимопомощи» (СЭВ):",
        "choices": [
            "Англия, Франция, Бельгия, Голландия, Люксембург",
            "США, Канада и страны Западной Европы",
            "СССР и государства Восточной Европы",
            "СССР и Китай"
        ],
        "correctAnswer": "СССР и государства Восточной Европы"
    },
    {
        "question": "В каком из городов Европы в 1961 г. была возведена перегодившая его стена, ставшая символом «холодной войны»:",
        "choices": [
            "в Праге",
            "в Берлине",
            "в Варшаве",
            "в Будапеште"
        ],
        "correctAnswer": "в Берлине"
    },
    {
        "question": "Военно-политической союз НАТО в 1949 году включил в себя:",
        "choices": [
            "страны Западной Европы",
            "США, Канаду и 10 стран Западной Европы",
            "СССР и страны Восточной Европы",
            "Страны Западной и Восточной Европы"
        ],
        "correctAnswer": "США, Канаду и 10 стран Западной Европы"
    },
    {
        "question": "Для периода «холодной войны» характерной чертой НЕ являлось:",
        "choices": [
            "соперничество между СССР и США",
            "создание военно-блоковых систем",
            "постоянное внимание лидеров СССР и США к наращиванию военной мощи",
            "попытки уничтожить противников в ядерной войне"
        ],
        "correctAnswer": "попытки уничтожить противников в ядерной войне"
    },
    {
        "question": "Продолжите фразу: «Согласно «плану Маршалла», США…»",
        "choices": [
            "обязались обеспечить проведение демократических выборов в странах, освободившихся от гитлеровского ига",
            "выделяли странам Европы экономическую помощь для преодоления последствий войны",
            "предоставляли военную помощь странам Западной Европы",
            "объявляли СССР агрессором и прекращали с ним дипломатические отношения"
        ],
        "correctAnswer": "выделяли странам Европы экономическую помощь для преодоления последствий войны"
    },
    {
        "question": "Когда были созданы два германских государства: Западная Германия (ФРГ) и Восточная Германия (ГДР):",
        "choices": [
            "в 1949 г.",
            "в 1952 г.",
            "в 1947 г.",
            "в 1945 г."
        ],
        "correctAnswer": "в 1949 г."
    },
    {
        "question": "В каком году была создана Организация Варшавского договора (ОВД):",
        "choices": [
            "в 1949 г.",
            "в 1948 г.",
            "в 1955 г.",
            "в 1953 г."
        ],
        "correctAnswer": "в 1955 г."
    },
    {
        "question": "Организация Варшавского договора являлась военно-политическим союзом:",
        "choices": [
            "СССР и стран Восточной Европы",
            "США и стран Западной Европы",
            "США, Канады и стран Западной Европы",
            "СССР, Китая и стран Восточной Европы"
        ],
        "correctAnswer": "СССР и стран Восточной Европы"
    },
    {
        "question": "Какой ряд дат связан с созданием международных организаций социалистических стран во главе с СССР:",
        "choices": [
            "1946 г., 1960 г.",
            "1961 г., 1967 г.",
            "1949 г., 1955 г.",
            "1947 г., 1962"
        ],
        "correctAnswer": "1949 г., 1955 г."
    },
    {
        "question": "Народные комиссариаты были переименованы в министерства в:",
        "choices": [
            "1941 г.",
            "1946 г.",
            "1953 г.",
            "1956 г."
        ],
        "correctAnswer": "1946 г."
    },
    {
        "question": "Большевистская партия получила название КПСС в:",
        "choices": [
            "1945 г.",
            "1949 г.",
            "1951 г.",
            "1952 г."
        ],
        "correctAnswer": "1952 г."
    },
    {
        "question": "Последняя репрессивная кампания, проводившаяся по инициативе И.В. Сталина:",
        "choices": [
            "«Ленинградское дело»",
            "«Дело врачей»",
            "«Шахтинское дело»",
            "Дело Еврейского антифашистского комитета"
        ],
        "correctAnswer": "«Дело врачей»"
    },
    {
        "question": "Чем характеризовалась политика советской власти в отношении крестьян в первые послевоенные годы?",
        "choices": [
            "Начали раздаваться земельные участки, чтобы крестьяне могли избежать голода.",
            "Некоторые колхозы были распущены, а земля передавалась крестьянским кооперативам.",
            "Введена и конституционно закреплена частная собственность на землю.",
            "Приусадебные хозяйства крестьян были обложены большим налогом."
        ],
        "correctAnswer": "Приусадебные хозяйства крестьян были обложены большим налогом."
    },
    {
        "question": "Какая наука подверглась запрету в 1945-1953 гг.?",
        "choices": [
            "физиология",
            "квантовая механика",
            "экономика",
            "генетика"
        ],
        "correctAnswer": "генетика"
    },
    {
        "question": "Денежная реформа, в ходе которой была сокращена денежная масса в обращении, была проведена",
        "choices": [
            "в 1946 г.",
            "в 1947 г.",
            "в 1950 г.",
            "в 1952 г."
        ],
        "correctAnswer": "в 1947 г."
    },
    {
        "question": "Причина возникновения «холодной войны»:",
        "choices": [
            "борьба за сферы влияния между СССР, США и Великобританией",
            "требования США о возвращении СССР долгов по ленд-лизу",
            "соперничество между СССР и США в военно-технической сфере",
            "стремление правящих кругов СССР и США утвердить свою систему ценностей, образ жизни и миропонимания в качестве универсальных"
        ],
        "correctAnswer": "стремление правящих кругов СССР и США утвердить свою систему ценностей, образ жизни и миропонимания в качестве универсальных"
    },
    {
        "question": "Правление И.В.Сталина закончилось в:",
        "choices": [
            "1945 г",
            "1948 г",
            "1953 г",
            "1955 г"
        ],
        "correctAnswer": "1953 г"
    },
    {
        "question": "Центральные фигуры политического руководства СССР после смерти Сталина",
        "choices": [
            "Н. Бухарин, А. Рыков",
            "В. Молотов, А. Жданов",
            "Г. Маленков, Л. Берия",
            "М. Калинин, К. Ворошилов"
        ],
        "correctAnswer": "Г. Маленков, Л. Берия"
    },
    {
        "question": "Победителем в борьбе за власть после смерти Сталина стал",
        "choices": [
            "Г. Жуков",
            "Г. Маленков",
            "В. Молотов",
            "Н. Хрущев"
        ],
        "correctAnswer": "Н. Хрущев"
    },
    {
        "question": "Период пребывания И.С. Хрущева у власти называют:",
        "choices": [
            "«культом личности»",
            "«оттепелью»",
            "«застоем»",
            "эпохой «победившего социализма»"
        ],
        "correctAnswer": "«оттепелью»"
    },
    {
        "question": "В каком году состоялся XX съезд КПСС?",
        "choices": [
            "1954",
            "1955",
            "1956",
            "1957"
        ],
        "correctAnswer": "1956"
    },
    {
        "question": "Какое из названных событий произошло в период правления Хрущева:",
        "choices": [
            "расстрел демонстрации в Новочеркасске",
            "учреждение поста Президента СССР",
            "создание ГКЧП",
            "авария на Чернобыльской АЭС"
        ],
        "correctAnswer": "расстрел демонстрации в Новочеркасске"
    },
    {
        "question": "Период правления Н.С.Хрущева",
        "choices": [
            "1948-1956 гг",
            "1953-1964 гг",
            "1956-1966 гг",
            "1958-1965 гг"
        ],
        "correctAnswer": "1953-1964 гг"
    },
    {
        "question": "«Кукурузная эпопея» связана с деятельностью",
        "choices": [
            "Л.И.Брежнева",
            "А.Н.Косыгина",
            "А.А.Громыко",
            "Н.С.Хрущева"
        ],
        "correctAnswer": "Н.С.Хрущева"
    },
    {
        "question": "Когда был запущен первый искусственный спутник земли?",
        "choices": [
            "1955",
            "1956",
            "1957",
            "1958"
        ],
        "correctAnswer": "1957"
    },
    {
        "question": "Доклад Н.С. Хрущева о культе личности Сталина и репрессиях прозвучал:",
        "choices": [
            "на XIX съезде КПСС",
            "на XX съезде КПСС",
            "на XXII съезде КПСС",
            "на XXV съезде КПСС"
        ],
        "correctAnswer": "на XX съезде КПСС"
    },
    {
        "question": "Реабилитация – это:",
        "choices": [
            "привлечение к уголовной ответственности",
            "денежная компенсация",
            "восстановление в правах, восстановление доброго имени",
            "освоение целины"
        ],
        "correctAnswer": "восстановление в правах, восстановление доброго имени"
    },
    {
        "question": "Огромные площади в период правления Хрущева были засеяны:",
        "choices": [
            "пшеницей",
            "картофелем",
            "кукурузой",
            "подсолнечником"
        ],
        "correctAnswer": "кукурузой"
    },
    {
        "question": "В результате травли со стороны государства этот писатель отказался от Нобелевской премии:",
        "choices": [
            "А. Солженицын",
            "Б. Пастернак",
            "А. Фадеев",
            "И. Эренбург"
        ],
        "correctAnswer": "Б. Пастернак"
    },
    {
        "question": "Писатель, бывший узник лагерей, один из первых поставивший проблему преодоления сталинского наследия:",
        "choices": [
            "А. Солженицын",
            "Б. Пастернак",
            "А. Фадеев",
            "И. Эренбург"
        ],
        "correctAnswer": "А. Солженицын"
    },
    {
        "question": "Что влекло за собой исключение из союза писателей СССР (художников, композиторов…)?",
        "choices": [
            "прекращение издания произведений",
            "прекращение участия в выставках",
            "невозможность зарабатывать за счет своей профессии",
            "все выше перечисленное"
        ],
        "correctAnswer": "все выше перечисленное"
    },
    {
        "question": "Карибский кризис в 1962 году разразился из-за:",
        "choices": [
            "размещения советских ракет на Кубе",
            "установления просоветского режима на Кубе",
            "строительства Берлинской стены",
            "размещения американских ракет в Турции"
        ],
        "correctAnswer": "размещения советских ракет на Кубе"
    },
    {
        "question": "Введение советских войск в Афганистан",
        "choices": [
            "1979 г.",
            "1989 г.",
            "1999 г.",
            "2009"
        ],
        "correctAnswer": "1979 г."
    },
    {
        "question": "Какое из названных событий произошло в СССР в 1986 году:",
        "choices": [
            "демонстрация протеста на Красной площади",
            "учреждение поста Президента СССР",
            "создание ГКЧП",
            "авария на Чернобыльской АЭС"
        ],
        "correctAnswer": "авария на Чернобыльской АЭС"
    },
    {
        "question": "В каком году был принят закон «О государственном гимне РФ»",
        "choices": [
            "1997 г.",
            "1998 г.",
            "2000 г.",
            "2002 г."
        ],
        "correctAnswer": "2000 г."
    },
    {
        "question": "Хасавюртовские соглашения были связаны с",
        "choices": [
            "Грузино - абхазским конфликтом",
            "Урегулированием ситуации в Чечне",
            "Урегулированием отношений между Татарстаном и федеральным центром",
            "Установлением партнерских отношений между РФ и НАТО"
        ],
        "correctAnswer": "Урегулированием ситуации в Чечне"
    },
    {
        "question": "Федеративный договор между федеральным центром и субъектами федерации был подписан в",
        "choices": [
            "1992 г.",
            "1993 г.",
            "1996 г.",
            "1997 г."
        ],
        "correctAnswer": "1992 г."
    },
    {
        "question": "В соответствии с Конституцией РФ нижней палатой Федерального собрания является",
        "choices": [
            "Государственный совет",
            "Совет Федерации",
            "Совет безопасности",
            "Государственная дума"
        ],
        "correctAnswer": "Государственная дума"
    },
    {
        "question": "Одной из острых социальных проблем в России в 1990-е гг. стала проблема:",
        "choices": [
            "задержки или невыплаты зарплаты",
            "постоянного сокращения размера пенсий",
            "прекращение жилищного строительства",
            "необеспеченности населения продовольственным товарами"
        ],
        "correctAnswer": "задержки или невыплаты зарплаты"
    },
    {
        "question": "Когда произошло выступление ГКЧП",
        "choices": [
            "в 1986 г.",
            "в 1988 г.",
            "в 1990 г.",
            "в 1991 г."
        ],
        "correctAnswer": "в 1991 г."
    },
    {
        "question": "Начавшаяся в России в 1992 г. приватизация части государственной собственности проводилась в форме",
        "choices": [
            "распределения денежной стоимости собственности между всеми гражданами",
            "организации продаж акций на аукционах",
            "распределение акций предприятий среди населения",
            "выдачи гражданам приватизационных чеков"
        ],
        "correctAnswer": "выдачи гражданам приватизационных чеков"
    },
    {
        "question": "В декабре 1991 года в Беловежской пуще руководители трех республик провозгласили",
        "choices": [
            "Ликвидацию КПСС",
            "Прекращение существования СССР",
            "Вывод советских войск из Восточной Европы",
            "Создание СНГ"
        ],
        "correctAnswer": "Прекращение существования СССР"
    },
    {
        "question": "Федеративный договор между субъектами Российской Федерации был подписан",
        "choices": [
            "в 1992 г.",
            "в 1995 г.",
            "в 1997 г.",
            "в 1999 г."
        ],
        "correctAnswer": "в 1992 г."
    },
    {
        "question": "Какая организация была создана в 1992 году главами шести государств - России, Армении, Казахстана, Киргизии, Таджикистана, Узбекистана?",
        "choices": [
            "ОДКБ",
            "ШОС",
            "ОПЕК",
            "БРИКС"
        ],
        "correctAnswer": "ОДКБ"
    },
    {
        "question": "Указ «О мероприятиях по восстановлению конституционной законности и правопорядка на территории Чеченской Республики» был подписан Б. Ельциным",
        "choices": [
            "в 1992 г.",
            "в 1994 г.",
            "в 1996 г.",
            "в 1998 г."
        ],
        "correctAnswer": "в 1994 г."
    },
    {
        "question": "Какое из названных событий произошло в 1995 г.?",
        "choices": [
            "провозглашение независимости Чечни",
            "подписание Хасавюртских соглашений",
            "захват заложников в Буденновске",
            "создание СНГ"
        ],
        "correctAnswer": "захват заложников в Буденновске"
    },
    {
        "question": "Для экономического развития Российской Федерации второй половины 1990-х гг. было характерно",
        "choices": [
            "установление профицита бюджета",
            "увеличение расходов на вооруженные силы страны",
            "проведение политики «шоковой терапии»",
            "увеличение количества безработных"
        ],
        "correctAnswer": "проведение политики «шоковой терапии»"
    },
    {
        "question": "Одна из причин дефолта 1998 г.",
        "choices": [
            "увеличение цен на нефть",
            "высокие темпы инфляции",
            "увеличение трат на социальные программы",
            "деятельность коммерческих предприятий"
        ],
        "correctAnswer": "высокие темпы инфляции"
    },
    {
        "question": "Вопрос о реструктуризации долгов России был успешно решен Правительством РФ под руководством",
        "choices": [
            "С. Кириенко",
            "Е. Примакова",
            "В. Путина",
            "С. Степашина"
        ],
        "correctAnswer": "Е. Примакова"
    },
    {
        "question": "Россия осудила операцию НАТО в Сербии в",
        "choices": [
            "1992 г.",
            "1996 г.",
            "1999 г.",
            "2000 г."
        ],
        "correctAnswer": "1999 г."
    },
    {
        "question": "Отметьте одно из последствий перестройки для внешней политики Российской Федерации в 1992- 1999 гг.",
        "choices": [
            "укрепление обороноспособности страны",
            "расширение НАТО на восток",
            "усиление позиций России в странах бывшего соцлагеря",
            "создание российских военных баз на территории государств Юго-Восточной Европы"
        ],
        "correctAnswer": "расширение НАТО на восток"
    },
    {
        "question": "Отметьте фактор, влияющий на внешнюю политику России в 90-е гг. XX в.",
        "choices": [
            "усиление России на международной арене",
            "ликвидация ядерного оружия в России",
            "ухудшение отношений между Россией, Китаем, Индией, Ираном",
            "окончание «холодной войны»"
        ],
        "correctAnswer": "окончание «холодной войны»"
    },
    {
        "question": "Для развития взаимоотношений России и стран СНГ в 1990-е гг. характерно",
        "choices": [
            "расширение экономических контактов",
            "усиление позиций России в ГУАМ",
            "увеличение количества участников СНГ",
            "урегулирование споров вокруг собственности бывших союзных республик"
        ],
        "correctAnswer": "расширение экономических контактов"
    },
    {
        "question": "Окончание войны в Афганистане и вывод советских войск произошел в",
        "choices": [
            "1987",
            "1988",
            "1989",
            "1990"
        ],
        "correctAnswer": "1989"
    },
    {
        "question": "Какое из названных событий произошло в 2000 г.?",
        "choices": [
            "подписан договор о сокращении стратегических наступательных потенциалов (СНП)",
            "подписано соглашение об образовании Евроазиатского экономического сообщества (ЕврАзЭс)",
            "образовано Союзное государство в составе России и Белоруссии",
            "ликвидировано ядерное оружие на территории Украины, Белоруссии и Казахстана"
        ],
        "correctAnswer": "подписан договор о сокращении стратегических наступательных потенциалов (СНП)"
    },
    {
        "question": "Какое изменение произошло в 2000 году в Российской Федерации:",
        "choices": [
            "упразднение Конституционного суда",
            "упразднение Совета безопасности",
            "разделение страны на семь федеральных округов",
            "образование нового органа власти – Съезда народных депутатов"
        ],
        "correctAnswer": "разделение страны на семь федеральных округов"
    },
    {
        "question": "В начале 2000-х гг. Россия во внешней политике сблизилась",
        "choices": [
            "с Францией и Германией",
            "с США и Великобританией",
            "с США и Японией",
            "с Китаем и Австралией"
        ],
        "correctAnswer": "с Францией и Германией"
    },
    {
        "question": "Министры иностранных дел России в 2000-2023 гг.",
        "choices": [
            "М. Суслов и Э. Шеварднадзе",
            "С. Лавров и И. Иванов",
            "Е. Примаков и А. Козырев",
            "С. Миронов и С. Шойгу"
        ],
        "correctAnswer": "С. Лавров и И. Иванов"
    },
    {
        "question": "Что из названного является одним из результатов внешнеполитического курса России в 2000- 2008 гг.?",
        "choices": [
            "прекращение «холодной войны»",
            "снижение угрозы международного терроризма",
            "усиление влияния России в Азии и Латинской Америке",
            "прекращение деятельности военных блоков"
        ],
        "correctAnswer": "усиление влияния России в Азии и Латинской Америке"
    },
    {
        "question": "Когда новым председателем правительства был утвержден В.В. Путин?",
        "choices": [
            "июль 1999 г.",
            "август 1999 г.",
            "сентябрь 1999 г.",
            "октябрь 1999 г."
        ],
        "correctAnswer": "август 1999 г."
    },
    {
        "question": "В каком году Путин В.В. был избран Президентом РФ во второй раз",
        "choices": [
            "2001 г.",
            "2004 г.",
            "2006 г.",
            "2008 г."
        ],
        "correctAnswer": "2004 г."
    },
    {
        "question": "В.В. Путин был избран Президентом Российской Федерации",
        "choices": [
            "в 1999 г.",
            "в 2000 г.",
            "в 2002 г.",
            "в 2003 г."
        ],
        "correctAnswer": "в 2000 г."
    },
    {
        "question": "Общественно-политическая жизнь в России в 2000-2004 гг. была отмечена",
        "choices": [
            "противостоянием Президента и Государственной Думы по вопросам внутренней политики",
            "«парадом суверенитетов» субъектов Российской Федерации",
            "кампанией реабилитации жертв политических репрессий",
            "утверждением новой государственной символики"
        ],
        "correctAnswer": "утверждением новой государственной символики"
    },
    {
        "question": "России удалось выплатить долги МВФ в период работы Правительства РФ под руководством",
        "choices": [
            "Б. Грызлова",
            "С. Степашина",
            "М. Касьянова",
            "В. Кириенко"
        ],
        "correctAnswer": "М. Касьянова"
    },
    {
        "question": "Для укрепления роли федерального Центра (вертикали власти) Президент В.В. Путин учредил",
        "choices": [
            "Общественную палату",
            "федеральные агентства",
            "Федеральное Собрание",
            "федеральные округа"
        ],
        "correctAnswer": "федеральные округа"
    },
    {
        "question": "Какое событие из названных произошло 1 сентября 2004 г.?",
        "choices": [
            "захват террористами школы в Беслане",
            "захват заложников в театральном центре на Дубровке",
            "взрыв в Московском метро",
            "создан Совет при Президенте по реализации национальных проектов"
        ],
        "correctAnswer": "захват террористами школы в Беслане"
    },
    {
        "question": "Какое событие произошло раньше всех других?",
        "choices": [
            "принятие закона «О гражданстве Российской Федерации»",
            "создание партии «Единая Россия»",
            "изменение порядка избрания руководителей субъектов Федерации",
            "сокращение срока службы призывников до 1 года"
        ],
        "correctAnswer": "принятие закона «О гражданстве Российской Федерации»"
    },
    {
        "question": "В результате выборов 1999 г. большинство мест в Государственной Думе получила партия",
        "choices": [
            "«Отечество — вся Россия»",
            "«Единство»",
            "КПРФ",
            "«Единая Россия»"
        ],
        "correctAnswer": "КПРФ"
    },
    {
        "question": "Отметьте один из результатов внутренней политики В.В. Путина в 2000-2004 гг.",
        "choices": [
            "снижение налогов",
            "приватизация крупных предприятий",
            "прекращение закупок продовольствия за рубежом",
            "снижение инфляции до 5% в год"
        ],
        "correctAnswer": "снижение инфляции до 5% в год"
    },
    {
        "question": "Авторы гимна России",
        "choices": [
            "С. Михалков и А. Александров",
            "М. Дунаевский и А. Пахмутова",
            "М. Таривердиев и С. Добронравов",
            "М. Блантер и М. Исаковский"
        ],
        "correctAnswer": "С. Михалков и А. Александров"
    },
    {
        "question": "В 2000-2004 гг. в России появился",
        "choices": [
            "Конституционный Суд",
            "Верховный Суд",
            "совестный суд",
            "суд присяжных"
        ],
        "correctAnswer": "суд присяжных"
    },
    {
        "question": "Пятые выборы Президента России состоялись в:",
        "choices": [
            "2006 г.",
            "2007 г.",
            "2008 г.",
            "2009 г."
        ],
        "correctAnswer": "2008 г."
    },
    {
        "question": "Что помогло правительству Российской Федерации повысить жизненный уровень населения:",
        "choices": [
            "модернизация промышленности",
            "реформы в сельском хозяйстве",
            "увеличение государственных расходов на развитие науки",
            "высокие мировые цены на нефть"
        ],
        "correctAnswer": "высокие мировые цены на нефть"
    },
    {
        "question": "Стремление республик к отделению, проведению самостоятельной внутренней и внешней политики",
        "choices": [
            "коалиция",
            "сепаратизм",
            "консолидация",
            "аннексия"
        ],
        "correctAnswer": "сепаратизм"
    },
    {
        "question": "Какое из названных событий произошло в 2003 г.?",
        "choices": [
            "концерт П. Маккартни на Красной площади",
            "прекращение Синодального периода в истории Православной церкви",
            "выход в свет фильма «Брат»",
            "фильм «Утомленные солнцем» удостоен «Оскара»"
        ],
        "correctAnswer": "концерт П. Маккартни на Красной площади"
    },
    {
        "question": "В 2000-е гг. были созданы фильмы",
        "choices": [
            "«Остров», «9 рота», «Идиот»",
            "«Утомленные солнцем», «Блокпост», «Кольцо Нибе- лунгов»",
            "«Война и мир», «Калина Красная», «В бой идут одни старики»",
            "«Семнадцать мгновений весны», «Три тополя на Плющихе»"
        ],
        "correctAnswer": "«Остров», «9 рота», «Идиот»"
    },
    {
        "question": "Какие страны входят в организацию БРИКС?",
        "choices": [
            "Бразилия, Россия, Индия, Китай, Индонезия",
            "Бразилия, Россия, Индия, Иран",
            "Бразилия, Россия, Индия, Иран, Китай",
            "Бразилия, Россия, Индия, Китай и ЮАР"
        ],
        "correctAnswer": "Бразилия, Россия, Индия, Китай и ЮАР"
    },
    {
        "question": "Международная организация, основанная в 2001 году лидерами Китая, России, Казахстана, Таджикистана, Киргизии и Узбекистана, называется:",
        "choices": [
            "БРИКС",
            "ОПЕК",
            "ОДКБ",
            "ШОС"
        ],
        "correctAnswer": "ШОС"
    },
    {
        "question": "Организация стран-экспортеров нефти называется:",
        "choices": [
            "БРИКС",
            "ОПЕК",
            "ОДКБ",
            "ШОС"
        ],
        "correctAnswer": "ОПЕК"
    },
    {
        "question": "В каком году прошла зимняя олимпиада в Сочи?",
        "choices": [
            "2010",
            "2014",
            "2016",
            "2019"
        ],
        "correctAnswer": "2014"
    },
    {
        "question": "В каком году Крым вошел в состав Российской Федерации?",
        "choices": [
            "2010",
            "2014",
            "2016",
            "2019"
        ],
        "correctAnswer": "2014"
    }
]